---USE ASEGURADORA06;
---GO

/*========================================================
  1. CORREDORES (10)
========================================================*/
INSERT INTO Personas.CORREDOR
(ID_CORREDOR, APELLIDOMAT, APELLIDOPAT, CEDULA_PROF,
 NUM_EMPLEADO, TIPO_EMPLEADO, FECHA_CONTRATACION,
 NOMBRE, PORC_COMISION, ID_SUPERVISOR)
VALUES
(1, 'LOPEZ',  'PEREZ',   'CP-001', 'EMP-001', 'GERENTE',       '2015-01-10', 'ANA',      10.00, NULL),
(2, 'RAMIREZ','GOMEZ',   'CP-002', 'EMP-002', 'JEFE_COM',      '2016-03-05', 'CARLOS',    8.00, 1),
(3, 'HERNAN','SALAZAR',  'CP-003', 'EMP-003', 'JEFE_COM',      '2017-06-20', 'LAURA',     8.00, 1),
(4, 'MARTIN','RODRIGUEZ','CP-004', 'EMP-004', 'JEFE_AGENCIA',  '2018-02-15', 'JORGE',     7.00, 2),
(5, 'SOSA',  'FLORES',   'CP-005', 'EMP-005', 'ASESOR',        '2019-04-01', 'DIEGO',     5.00, 4),
(6, 'CRUZ',  'ORTIZ',    'CP-006', 'EMP-006', 'ASESOR',        '2019-04-01', 'MARIA',     5.00, 4),
(7, 'VEGA',  'RAMOS',    'CP-007', 'EMP-007', 'ASESOR',        '2020-05-10', 'PEDRO',     5.00, 4),
(8, 'RUIZ',  'NAVARRO',  'CP-008', 'EMP-008', 'ASESOR',        '2020-05-10', 'SOFIA',     5.00, 4),
(9, 'LUNA',  'CASTILLO', 'CP-009', 'EMP-009', 'ASESOR',        '2021-08-12', 'RAUL',      4.50, 3),
(10,'MEJIA', 'DOMINGUEZ','CP-010', 'EMP-010', 'ADMIN',         '2022-01-01', 'ELENA',     4.00, 1);
GO

/*========================================================
  2. CP_CORREDOR (rangos CP para el trigger de asignación)
========================================================*/
INSERT INTO Personas.CP_CORREDOR
(ID_CPCORREDOR, CP_FINAL, CP_INICIAL, ID_CORREDOR)
VALUES
('R1', '01999', '01000', 5),
('R2', '02999', '02000', 6),
('R3', '03999', '03000', 7),
('R4', '04999', '04000', 8);
GO

/*========================================================
  3. CLIENTES (10) + DIRECCIÓN + CP + CONTACTO
========================================================*/
INSERT INTO Personas.CLIENTE
(ID_CLIENTE, RFC, CURP, TIPO_CLIENTE, NOMBRE,
 APELLIDO_P, APELLIDO_M, FECHA_NACIMIENTO, ID_CORREDOR)
VALUES
(1, 'CLI800101AAA', 'CLI800101HDFRNN01', 'NATURAL', 'JUAN',    'HERNANDEZ','LOPEZ',   '1980-01-01', 5),
(2, 'CLI850202BBB', 'CLI850202MDFRNN02', 'NATURAL', 'MARIA',   'GARCIA',   'RAMIREZ', '1985-02-02', 6),
(3, 'CLI900303CCC', 'CLI900303HDFRNN03', 'NATURAL', 'CARLOS',  'PEREZ',    'SOSA',    '1990-03-03', 7),
(4, 'CLI920404DDD', 'CLI920404MDFRNN04', 'NATURAL', 'LUISA',   'RODRIGUEZ','ROSA',    '1992-04-04', 8),
(5, 'CLI950505EEE', 'CLI950505HDFRNN05', 'NATURAL', 'ANDREA',  'GOMEZ',    'CRUZ',    '1995-05-05', 5),
(6, 'CLI960606FFF', 'CLI960606MDFRNN06', 'NATURAL', 'DAVID',   'MARTINEZ', 'LUNA',    '1996-06-06', 6),
(7, 'CLI970707GGG', 'CLI970707HDFRNN07', 'NATURAL', 'SOFIA',   'RAMOS',    'MEJIA',   '1997-07-07', 7),
(8, 'CLI980808HHH', 'CLI980808MDFRNN08', 'NATURAL', 'PABLO',   'NAVARRO',  'DIAZ',    '1998-08-08', 8),
(9, 'CLI990909III', 'CLI990909HDFRNN09', 'NATURAL', 'FERNANDA','CASTRO',   'VEGA',    '1999-09-09', 9),
(10,'CLI001010JJJ', 'CLI001010MDFRNN10', 'MORAL',   'EMPRESA','PRUEBA',   'SA',      '2000-10-10',10);
GO

-- DIRECCION (1 por cliente)
INSERT INTO Personas.DIRECCION
(ID_CLIENTE, CALLE, NUMEXTERIOR, NUMINTERIOR, COLONIA)
VALUES
(1, 'AV. REFORMA',       '100', NULL,  'CENTRO'),
(2, 'INSURGENTES SUR',   '200', '3B',  'DEL VALLE'),
(3, 'CALZ. TACUBAYA',    '150', NULL,  'TACUBAYA'),
(4, 'EJE CENTRAL',       '300', '2A',  'DOCTORES'),
(5, 'MIGUEL ANGEL',      '250', NULL,  'MIXCOAC'),
(6, 'DIVISION DEL NORTE','180', NULL,  'PORTALES'),
(7, 'CALZ. TLALPAN',     '500', '1C',  'TLALPAN'),
(8, 'RIO CHURUBUSCO',    '220', NULL,  'COYOACAN'),
(9, 'EJE 5 SUR',         '350', NULL,  'NARVARTE'),
(10,'REVOLUCION',        '400', '5D',  'SAN PEDRO');
GO

-- DIRECCIONCP (1 CP por cliente, ligado a rangos de CP_CORREDOR)
INSERT INTO Personas.DIRECCIONCP
(ID_CPDIR, ESTADO, CIUDAD, ID_CLIENTE)
VALUES
('01010','CDMX','CDMX',1),
('02020','CDMX','CDMX',2),
('03030','CDMX','CDMX',3),
('04040','CDMX','CDMX',4),
('01020','CDMX','CDMX',5),
('02030','CDMX','CDMX',6),
('03040','CDMX','CDMX',7),
('04010','CDMX','CDMX',8),
('01030','CDMX','CDMX',9),
('02040','CDMX','CDMX',10);
GO

-- CONTACTO: al menos teléfono y correo por cliente
INSERT INTO Personas.CONTACTO
(ID_CONTACTO, TIPO, VALOR, ID_CLIENTE)
VALUES
(1, 'TELEFONO','5551110001',1),
(2, 'CORREO',  'juan.hdz@example.com',1),
(3, 'TELEFONO','5551110002',2),
(4, 'CORREO',  'maria.garcia@example.com',2),
(5, 'TELEFONO','5551110003',3),
(6, 'CORREO',  'carlos.perez@example.com',3),
(7, 'TELEFONO','5551110004',4),
(8, 'CORREO',  'luisa.rod@example.com',4),
(9, 'TELEFONO','5551110005',5),
(10,'CORREO',  'andrea.gmz@example.com',5),
(11,'TELEFONO','5551110006',6),
(12,'CORREO',  'david.mtz@example.com',6),
(13,'TELEFONO','5551110007',7),
(14,'CORREO',  'sofia.rms@example.com',7),
(15,'TELEFONO','5551110008',8),
(16,'CORREO',  'pablo.nv@example.com',8),
(17,'TELEFONO','5551110009',9),
(18,'CORREO',  'fer.cast@example.com',9),
(19,'TELEFONO','5551110010',10),
(20,'CORREO',  'contacto@empresaprueba.com',10);
GO

/*========================================================
  4. COTIZACIONES (10) + BITÁCORA (5 con varias entradas)
========================================================*/
INSERT INTO Operaciones.COTIZACION
(NUM_COTIZACION, ID_CLIENTE, FECHA_COTIZ,
 MONTO_EST_PRIMA, ESTADO, RECORDATORIO, VIGENCIA_DIAS)
VALUES
(1001,1,'2025-01-01',12000.00,'PENDIENTE','Seguro de vida básico','30'),
(1002,2,'2025-01-03',15000.00,'PENDIENTE','Seguro auto cobertura amplia','30'),
(1003,3,'2025-01-05',20000.00,'PENDIENTE','Seguro de retiro','60'),
(1004,4,'2025-01-07',13000.00,'PENDIENTE','Vida + gastos funerarios','45'),
(1005,5,'2025-01-09',14000.00,'PENDIENTE','Auto joven','30'),
(1006,6,'2025-01-11',11000.00,'PENDIENTE','Vida ahorro','30'),
(1007,7,'2025-01-13',16000.00,'PENDIENTE','Auto familiar','30'),
(1008,8,'2025-01-15',21000.00,'PENDIENTE','Retiro empresarial','90'),
(1009,9,'2025-01-17',12500.00,'PENDIENTE','Vida + accidentes','30'),
(1010,10,'2025-01-19',30000.00,'PENDIENTE','Paquete empresarial','120');
GO

-- BITÁCORA: 5 cotizaciones con más de una entrada (historial)
INSERT INTO Operaciones.BITACORA_COTIZACIONES
(ID_BITACORA, NUM_COTIZACION, FECHA_CAMBIO, NUEVO_ESTADO, OBSERVACIONES)
VALUES
(1,1001,'2025-01-02','REVISIÓN','Primera revisión de la propuesta'),
(2,1001,'2025-01-04','APROBADA','Propuesta aprobada por el cliente'),
(3,1002,'2025-01-04','REVISIÓN','Se ajusta cobertura de auto'),
(4,1002,'2025-01-06','APROBADA','Cotización aceptada'),
(5,1003,'2025-01-06','REVISIÓN','Cliente pide simulación a 20 años'),
(6,1003,'2025-01-08','RECHAZADA','Cliente pospone decisión'),
(7,1004,'2025-01-08','REVISIÓN','Se agrega servicio funerario'),
(8,1004,'2025-01-10','APROBADA','Cliente acepta prima ajustada'),
(9,1005,'2025-01-10','REVISIÓN','Se incrementa deducible'),
(10,1005,'2025-01-12','APROBADA','Propuesta final aprobada'),

-- algunas con una sola entrada
(11,1006,'2025-01-12','REVISIÓN','En espera de documentos'),
(12,1007,'2025-01-14','REVISIÓN','Cliente compara con otra aseguradora'),
(13,1008,'2025-01-16','REVISIÓN','Revisión por área de riesgos'),
(14,1009,'2025-01-18','REVISIÓN','Cliente solicita cambio de beneficiarios'),
(15,1010,'2025-01-20','REVISIÓN','Revisión corporativa');
GO

/*========================================================
  5. TIPOS DE SEGURO (3) + ESPECIALIZACIONES
========================================================*/
INSERT INTO Seguros.TIPO_SEGURO
(CLAVE_SEGURO, NOMBRE, DESCRIPCION,
 VIGENCIA_MIN_MES, MONTO_MINIMO, NUM_COTIZACION)
VALUES
('100','SEGURO DE VIDA',
 'Producto estándar de protección de vida',12,10000.00,1001),
('200','SEGURO DE RETIRO',
 'Plan de retiro individual',24,15000.00,1003),
('300','SEGURO DE AUTO',
 'Cobertura amplia para vehículo particular',12,12000.00,1002);
GO

INSERT INTO Seguros.SEGURO_VIDA
(CLAVE_SEGURO, CLAVE, EDAD_MAXIM_CONTR)
VALUES ('100','VIDA-BASICO',80);
GO

INSERT INTO Seguros.SEGURO_RETIRO
(CLAVE_SEGURO, EDAD_RETIRO, APORTACION_MIN_MENSUAL)
VALUES ('200',65,1500.00);
GO

INSERT INTO Seguros.SEGURO_AUTO
(CLAVE_SEGURO, COBERTURA_BASICA)
VALUES ('300','Daños materiales, RC, robo total');
GO

/*========================================================
  6. PÓLIZAS ACTIVAS (20: 2 por cliente, tipos diferentes)
     + 10 PÓLIZAS INACTIVAS COMO HISTORIAL (2 anteriores para
       las pólizas activas 2001,2003,2005,2007,2009)
========================================================*/

-- Pólizas activas (todos MONTO_PRIMA_TOT = 10000 para simplificar)
INSERT INTO Operaciones.POLIZA
(NUM_POLIZA, ID_CLIENTE, ID_CORREDOR, CLAVE_SEGURO,
 FECHA_INICIO, FECHA_FIN, SALDO_PENDIENTE,
 MONTO_PRIMA_TOT, ESTADO_POLIZA)
VALUES
(2001,1,5,'100','2025-02-01','2026-02-01',10000.00,10000.00,'ACTIVA'),
(2002,1,5,'300','2025-02-01','2026-02-01',10000.00,10000.00,'ACTIVA'),

(2003,2,6,'100','2025-02-01','2026-02-01',10000.00,10000.00,'ACTIVA'),
(2004,2,6,'300','2025-02-01','2026-02-01',10000.00,10000.00,'ACTIVA'),

(2005,3,7,'200','2025-02-01','2026-02-01',10000.00,10000.00,'ACTIVA'),
(2006,3,7,'300','2025-02-01','2026-02-01',10000.00,10000.00,'ACTIVA'),

(2007,4,8,'100','2025-02-01','2026-02-01',10000.00,10000.00,'ACTIVA'),
(2008,4,8,'200','2025-02-01','2026-02-01',10000.00,10000.00,'ACTIVA'),

(2009,5,5,'300','2025-02-01','2026-02-01',10000.00,10000.00,'ACTIVA'),
(2010,5,5,'100','2025-02-01','2026-02-01',10000.00,10000.00,'ACTIVA'),

(2011,6,6,'100','2025-02-01','2026-02-01',10000.00,10000.00,'ACTIVA'),
(2012,6,6,'200','2025-02-01','2026-02-01',10000.00,10000.00,'ACTIVA'),

(2013,7,7,'300','2025-02-01','2026-02-01',10000.00,10000.00,'ACTIVA'),
(2014,7,7,'200','2025-02-01','2026-02-01',10000.00,10000.00,'ACTIVA'),

(2015,8,8,'100','2025-02-01','2026-02-01',10000.00,10000.00,'ACTIVA'),
(2016,8,8,'300','2025-02-01','2026-02-01',10000.00,10000.00,'ACTIVA'),

(2017,9,9,'200','2025-02-01','2026-02-01',10000.00,10000.00,'ACTIVA'),
(2018,9,9,'300','2025-02-01','2026-02-01',10000.00,10000.00,'ACTIVA'),

(2019,10,10,'100','2025-02-01','2026-02-01',10000.00,10000.00,'ACTIVA'),
(2020,10,10,'200','2025-02-01','2026-02-01',10000.00,10000.00,'ACTIVA');
GO

-- Pólizas históricas (2 anteriores para cinco pólizas activas)
INSERT INTO Operaciones.POLIZA
(NUM_POLIZA, ID_CLIENTE, ID_CORREDOR, CLAVE_SEGURO,
 FECHA_INICIO, FECHA_FIN, SALDO_PENDIENTE,
 MONTO_PRIMA_TOT, ESTADO_POLIZA)
VALUES
(1901,1,5,'100','2023-02-01','2024-02-01',0.00,9000.00,'INACTIVA'),
(1902,1,5,'100','2024-02-01','2025-02-01',0.00,9000.00,'INACTIVA'),

(1903,2,6,'100','2023-02-01','2024-02-01',0.00,9000.00,'INACTIVA'),
(1904,2,6,'100','2024-02-01','2025-02-01',0.00,9000.00,'INACTIVA'),

(1905,3,7,'200','2023-02-01','2024-02-01',0.00,9000.00,'INACTIVA'),
(1906,3,7,'200','2024-02-01','2025-02-01',0.00,9000.00,'INACTIVA'),

(1907,4,8,'100','2023-02-01','2024-02-01',0.00,9000.00,'INACTIVA'),
(1908,4,8,'100','2024-02-01','2025-02-01',0.00,9000.00,'INACTIVA'),

(1909,5,5,'300','2023-02-01','2024-02-01',0.00,9000.00,'INACTIVA'),
(1910,5,5,'300','2024-02-01','2025-02-01',0.00,9000.00,'INACTIVA');
GO

/*========================================================
  7. BENEFICIARIOS (suma ≤ 100 % por cliente + tipo)
========================================================*/
INSERT INTO Personas.BENEFICIARIO
(ID_BENEFICIARIO, APELLIDO_M, APELLIDO_P,
 NOMBRE, PARENTESCO, PORCENTAJE, CLAVE_SEGURO, ID_CLIENTE)
VALUES
(1,'LOPEZ','HERNANDEZ','ANA','CO',60,'100',1),
(2,'LOPEZ','HERNANDEZ','CARLOS','HO',40,'100',1),

(3,'RAMIREZ','GARCIA','LUIS','CO',50,'100',2),
(4,'RAMIREZ','GARCIA','SOFIA','HA',50,'100',2),

(5,'SOSA','PEREZ','PAULA','CO',100,'200',3),

(6,'ROSA','RODRIGUEZ','MARIO','P',50,'100',4),
(7,'ROSA','RODRIGUEZ','ELSA','M',50,'100',4),

(8,'CRUZ','GOMEZ','DANIEL','HO',100,'300',5),

(9,'LUNA','MARTINEZ','ADRIANA','CO',60,'100',6),
(10,'LUNA','MARTINEZ','SERGIO','HO',40,'100',6),

(11,'MEJIA','RAMOS','CARLA','CO',50,'200',7),
(12,'MEJIA','RAMOS','MIGUEL','HO',50,'200',7),

(13,'DIAZ','NAVARRO','JORGE','HO',100,'100',8),

(14,'VEGA','CASTRO','IRMA','CO',70,'200',9),
(15,'VEGA','CASTRO','ANGEL','HO',30,'200',9),

(16,'SA','PRUEBA','ACCIONISTA','CO',100,'100',10);
GO

/*========================================================
  8. VEHÍCULOS (4) VINCULADOS AL TIPO 300 (AUTO)
========================================================*/
INSERT INTO Seguros.VEHICULO
(ID_VEHICULO, PLACAS, NUM_SERIE, MARCA,
 MODELO, ANIO, VALOR_COMERCIAL, CLAVE_SEGURO)
VALUES
(1,'ABC-123-CDMX','SERIE0001','NISSAN','VERSA',2022,250000.00,'300'),
(2,'DEF-456-CDMX','SERIE0002','VW','JETTA',2021,270000.00,'300'),
(3,'GHI-789-CDMX','SERIE0003','HONDA','CIVIC',2020,290000.00,'300'),
(4,'JKL-012-CDMX','SERIE0004','TOYOTA','COROLLA',2019,230000.00,'300');
GO

/*========================================================
  9. PAGOS (5 pagos por cada póliza ACTIVA, suma < prima)
      MONTO_PRIMA_TOT = 10000; pagos = 5 * 1500 = 7500
========================================================*/
INSERT INTO Operaciones.PAGO
(ID_PAGO, NUM_POLIZA, STSPAGO, NUM_PAGO,
 FECHA_PAGO, MONTO_PAGADO, METODO_PAGO)
VALUES
-- Póliza 2001
(1,2001,'PAGADO',1,'2025-03-01',1500.00,'TRANSFERENCIA'),
(2,2001,'PAGADO',2,'2025-04-01',1500.00,'TRANSFERENCIA'),
(3,2001,'PAGADO',3,'2025-05-01',1500.00,'TRANSFERENCIA'),
(4,2001,'PAGADO',4,'2025-06-01',1500.00,'TRANSFERENCIA'),
(5,2001,'PAGADO',5,'2025-07-01',1500.00,'TRANSFERENCIA'),

-- Póliza 2002
(6,2002,'PAGADO',1,'2025-03-05',1500.00,'TARJETA'),
(7,2002,'PAGADO',2,'2025-04-05',1500.00,'TARJETA'),
(8,2002,'PAGADO',3,'2025-05-05',1500.00,'TARJETA'),
(9,2002,'PAGADO',4,'2025-06-05',1500.00,'TARJETA'),
(10,2002,'PENDIENTE',5,'2025-07-05',1500.00,'TARJETA'),

-- Póliza 2003
(11,2003,'PAGADO',1,'2025-03-02',1500.00,'TRANSFERENCIA'),
(12,2003,'PAGADO',2,'2025-04-02',1500.00,'TRANSFERENCIA'),
(13,2003,'PAGADO',3,'2025-05-02',1500.00,'TRANSFERENCIA'),
(14,2003,'PAGADO',4,'2025-06-02',1500.00,'TRANSFERENCIA'),
(15,2003,'PAGADO',5,'2025-07-02',1500.00,'TRANSFERENCIA'),

-- Póliza 2004
(16,2004,'PAGADO',1,'2025-03-06',1500.00,'EFECTIVO'),
(17,2004,'PAGADO',2,'2025-04-06',1500.00,'EFECTIVO'),
(18,2004,'PAGADO',3,'2025-05-06',1500.00,'EFECTIVO'),
(19,2004,'PAGADO',4,'2025-06-06',1500.00,'EFECTIVO'),
(20,2004,'PENDIENTE',5,'2025-07-06',1500.00,'EFECTIVO'),

-- Póliza 2005
(21,2005,'PAGADO',1,'2025-03-03',1500.00,'TRANSFERENCIA'),
(22,2005,'PAGADO',2,'2025-04-03',1500.00,'TRANSFERENCIA'),
(23,2005,'PAGADO',3,'2025-05-03',1500.00,'TRANSFERENCIA'),
(24,2005,'PAGADO',4,'2025-06-03',1500.00,'TRANSFERENCIA'),
(25,2005,'PAGADO',5,'2025-07-03',1500.00,'TRANSFERENCIA'),

-- Póliza 2006
(26,2006,'PAGADO',1,'2025-03-07',1500.00,'TARJETA'),
(27,2006,'PAGADO',2,'2025-04-07',1500.00,'TARJETA'),
(28,2006,'PAGADO',3,'2025-05-07',1500.00,'TARJETA'),
(29,2006,'PAGADO',4,'2025-06-07',1500.00,'TARJETA'),
(30,2006,'PENDIENTE',5,'2025-07-07',1500.00,'TARJETA'),

-- Póliza 2007
(31,2007,'PAGADO',1,'2025-03-04',1500.00,'TRANSFERENCIA'),
(32,2007,'PAGADO',2,'2025-04-04',1500.00,'TRANSFERENCIA'),
(33,2007,'PAGADO',3,'2025-05-04',1500.00,'TRANSFERENCIA'),
(34,2007,'PAGADO',4,'2025-06-04',1500.00,'TRANSFERENCIA'),
(35,2007,'PENDIENTE',5,'2025-07-04',1500.00,'TRANSFERENCIA'),

-- Póliza 2008
(36,2008,'PAGADO',1,'2025-03-08',1500.00,'TRANSFERENCIA'),
(37,2008,'PAGADO',2,'2025-04-08',1500.00,'TRANSFERENCIA'),
(38,2008,'PAGADO',3,'2025-05-08',1500.00,'TRANSFERENCIA'),
(39,2008,'PAGADO',4,'2025-06-08',1500.00,'TRANSFERENCIA'),
(40,2008,'PENDIENTE',5,'2025-07-08',1500.00,'TRANSFERENCIA'),

-- Póliza 2009
(41,2009,'PAGADO',1,'2025-03-09',1500.00,'TARJETA'),
(42,2009,'PAGADO',2,'2025-04-09',1500.00,'TARJETA'),
(43,2009,'PAGADO',3,'2025-05-09',1500.00,'TARJETA'),
(44,2009,'PAGADO',4,'2025-06-09',1500.00,'TARJETA'),
(45,2009,'PENDIENTE',5,'2025-07-09',1500.00,'TARJETA'),

-- Póliza 2010
(46,2010,'PAGADO',1,'2025-03-10',1500.00,'TRANSFERENCIA'),
(47,2010,'PAGADO',2,'2025-04-10',1500.00,'TRANSFERENCIA'),
(48,2010,'PAGADO',3,'2025-05-10',1500.00,'TRANSFERENCIA'),
(49,2010,'PAGADO',4,'2025-06-10',1500.00,'TRANSFERENCIA'),
(50,2010,'PENDIENTE',5,'2025-07-10',1500.00,'TRANSFERENCIA'),

-- Póliza 2011
(51,2011,'PAGADO',1,'2025-03-11',1500.00,'TRANSFERENCIA'),
(52,2011,'PAGADO',2,'2025-04-11',1500.00,'TRANSFERENCIA'),
(53,2011,'PAGADO',3,'2025-05-11',1500.00,'TRANSFERENCIA'),
(54,2011,'PAGADO',4,'2025-06-11',1500.00,'TRANSFERENCIA'),
(55,2011,'PENDIENTE',5,'2025-07-11',1500.00,'TRANSFERENCIA'),

-- Póliza 2012
(56,2012,'PAGADO',1,'2025-03-12',1500.00,'TRANSFERENCIA'),
(57,2012,'PAGADO',2,'2025-04-12',1500.00,'TRANSFERENCIA'),
(58,2012,'PAGADO',3,'2025-05-12',1500.00,'TRANSFERENCIA'),
(59,2012,'PAGADO',4,'2025-06-12',1500.00,'TRANSFERENCIA'),
(60,2012,'PENDIENTE',5,'2025-07-12',1500.00,'TRANSFERENCIA'),

-- Póliza 2013
(61,2013,'PAGADO',1,'2025-03-13',1500.00,'TARJETA'),
(62,2013,'PAGADO',2,'2025-04-13',1500.00,'TARJETA'),
(63,2013,'PAGADO',3,'2025-05-13',1500.00,'TARJETA'),
(64,2013,'PAGADO',4,'2025-06-13',1500.00,'TARJETA'),
(65,2013,'PENDIENTE',5,'2025-07-13',1500.00,'TARJETA'),

-- Póliza 2014
(66,2014,'PAGADO',1,'2025-03-14',1500.00,'TRANSFERENCIA'),
(67,2014,'PAGADO',2,'2025-04-14',1500.00,'TRANSFERENCIA'),
(68,2014,'PAGADO',3,'2025-05-14',1500.00,'TRANSFERENCIA'),
(69,2014,'PAGADO',4,'2025-06-14',1500.00,'TRANSFERENCIA'),
(70,2014,'PENDIENTE',5,'2025-07-14',1500.00,'TRANSFERENCIA'),

-- Póliza 2015
(71,2015,'PAGADO',1,'2025-03-15',1500.00,'TRANSFERENCIA'),
(72,2015,'PAGADO',2,'2025-04-15',1500.00,'TRANSFERENCIA'),
(73,2015,'PAGADO',3,'2025-05-15',1500.00,'TRANSFERENCIA'),
(74,2015,'PAGADO',4,'2025-06-15',1500.00,'TRANSFERENCIA'),
(75,2015,'PENDIENTE',5,'2025-07-15',1500.00,'TRANSFERENCIA'),

-- Póliza 2016
(76,2016,'PAGADO',1,'2025-03-16',1500.00,'TARJETA'),
(77,2016,'PAGADO',2,'2025-04-16',1500.00,'TARJETA'),
(78,2016,'PAGADO',3,'2025-05-16',1500.00,'TARJETA'),
(79,2016,'PAGADO',4,'2025-06-16',1500.00,'TARJETA'),
(80,2016,'PENDIENTE',5,'2025-07-16',1500.00,'TARJETA'),

-- Póliza 2017
(81,2017,'PAGADO',1,'2025-03-17',1500.00,'TRANSFERENCIA'),
(82,2017,'PAGADO',2,'2025-04-17',1500.00,'TRANSFERENCIA'),
(83,2017,'PAGADO',3,'2025-05-17',1500.00,'TRANSFERENCIA'),
(84,2017,'PAGADO',4,'2025-06-17',1500.00,'TRANSFERENCIA'),
(85,2017,'PENDIENTE',5,'2025-07-17',1500.00,'TRANSFERENCIA'),

-- Póliza 2018
(86,2018,'PAGADO',1,'2025-03-18',1500.00,'TRANSFERENCIA'),
(87,2018,'PAGADO',2,'2025-04-18',1500.00,'TRANSFERENCIA'),
(88,2018,'PAGADO',3,'2025-05-18',1500.00,'TRANSFERENCIA'),
(89,2018,'PAGADO',4,'2025-06-18',1500.00,'TRANSFERENCIA'),
(90,2018,'PENDIENTE',5,'2025-07-18',1500.00,'TRANSFERENCIA'),

-- Póliza 2019
(91,2019,'PAGADO',1,'2025-03-19',1500.00,'TRANSFERENCIA'),
(92,2019,'PAGADO',2,'2025-04-19',1500.00,'TRANSFERENCIA'),
(93,2019,'PAGADO',3,'2025-05-19',1500.00,'TRANSFERENCIA'),
(94,2019,'PAGADO',4,'2025-06-19',1500.00,'TRANSFERENCIA'),
(95,2019,'PENDIENTE',5,'2025-07-19',1500.00,'TRANSFERENCIA'),

-- Póliza 2020
(96,2020,'PAGADO',1,'2025-03-20',1500.00,'TRANSFERENCIA'),
(97,2020,'PAGADO',2,'2025-04-20',1500.00,'TRANSFERENCIA'),
(98,2020,'PAGADO',3,'2025-05-20',1500.00,'TRANSFERENCIA'),
(99,2020,'PAGADO',4,'2025-06-20',1500.00,'TRANSFERENCIA'),
(100,2020,'PENDIENTE',5,'2025-07-20',1500.00,'TRANSFERENCIA');
GO

/*========================================================
  10. SINIESTROS (asociados a 4 pólizas de AUTO)
      Pólizas auto: 2002, 2004, 2006, 2009
========================================================*/
INSERT INTO Operaciones.SINIESTRO
(NUM_SINIESTRO, NUM_POLIZA, FECHA_HORA,
 LUGAR, CAUSA, MONTO_INDEMNIZ, FECHA_REGISTRO)
VALUES
-- Vehículo 1, póliza 2002: 1 siniestro
(3001,2002,'2025-05-01T10:30:00','CDMX - REFORMA',
 'Alcance por detrás', 50000.00,'2025-05-02'),

-- Vehículo 2, póliza 2004: 2 siniestros
(3002,2004,'2025-06-10T08:15:00','CDMX - INSURGENTES',
 'Choque lateral', 75000.00,'2025-06-11'),
(3003,2004,'2025-09-20T22:45:00','CDMX - VIADUCTO',
 'Pérdida total por choque', 180000.00,'2025-09-21'),

-- Vehículo 3, póliza 2006: 3 siniestros
(3004,2006,'2025-07-05T09:00:00','CDMX - PERIFERICO',
 'Colisión múltiple', 90000.00,'2025-07-06'),
(3005,2006,'2025-08-12T13:30:00','CDMX - TLALPAN',
 'Daños por inundación', 40000.00,'2025-08-13'),
(3006,2006,'2025-11-01T18:20:00','CDMX - MIXCOAC',
 'Robo de autopartes', 30000.00,'2025-11-02'),

-- Vehículo 4, póliza 2009: 2 siniestros
(3007,2009,'2025-04-18T19:45:00','CDMX - NARVARTE',
 'Choque estacionamiento', 15000.00,'2025-04-19'),
(3008,2009,'2025-12-24T23:30:00','CDMX - COYOACAN',
 'Accidente por lluvia', 60000.00,'2025-12-25');
GO

/*========================================================
  11. AJUSTADORES (10)
========================================================*/
INSERT INTO Personas.AJUSTADOR
(ID_AJUSTADOR, NOMBRE, APELLIDO_M, APELLIDO_P, NUM_SINIESTRO)
VALUES
(1,'ROBERTO','SANCHEZ','PEREZ',3001),
(2,'CLAUDIA','MARTINEZ','LOPEZ',3002),
(3,'MIGUEL','GOMEZ','RAMIREZ',3003),
(4,'ALMA','RUIZ','CRUZ',3004),
(5,'JORGE','NAVARRO','VEGA',3005),
(6,'ELSA','CASTILLO','DIAZ',3006),
(7,'ANDRES','FLORES','HERRERA',3007),
(8,'PATRICIA','DOMINGUEZ','LARA',3008),
(9,'SERGIO','SALAS','RODRIGUEZ',NULL),
(10,'KARLA','MORA','SOTO',NULL);
GO


SELECT * FROM Personas.CORREDOR;
SELECT * FROM Personas.CLIENTE;
SELECT * FROM Personas.AJUSTADOR;
SELECT * FROM Personas.BENEFICIARIO;
SELECT * FROM Personas.CONTACTO;
SELECT * FROM Personas.DIRECCION;
SELECT * FROM Personas.DIRECCIONCP;
SELECT * FROM Operaciones.COTIZACION;
SELECT * FROM Operaciones.POLIZA;
SELECT * FROM Operaciones.PAGO;
SELECT * FROM Seguros.VEHICULO; 
SELECT * FROM Operaciones.SINIESTRO;
SELECT * FROM Seguros.TIPO_SEGURO;
SELECT * FROM Seguros.SEGURO_VIDA;
SELECT * FROM Seguros.SEGURO_RETIRO;
SELECT * FROM Seguros.SEGURO_AUTO;
